"0":
  title: "Diplomaten"
  state: "Bundesweit"
"1":
  title: "Bundestagspräsident"
  state: "Bundesweit"
A:
  title: "Augsburg"
  state: "Bayern"
AA:
  title: "Aalen Ostalbkreis"
  state: "Baden-Württemberg"
AB:
  title: "Aschaffenburg"
  state: "Bayern"
ABG:
  title: "Altenburg"
  state: "Thüringen"
ABI:
  title: "Anhalt-Bitterfeld"
  state: "Sachsen-Anhalt"
AC:
  title: "Aachen"
  state: "Nordrhein-Westfalen"
AE:
  title: "Vogtlandkreis"
  state: "Sachsen"
AH:
  title: "Ahaus (Kreis Borken)"
  state: "Nordrhein-Westfalen"
AIB:
  title: "Bad Aibling"
  state: "Bayern"
AIC:
  title: "Aichach-Friedberg"
  state: "Bayern"
AK:
  title: "Altenkirchen (Westerwald)"
  state: "Rheinland-Pfalz"
ALF:
  title: "Alfeld (Kreis Hildesheim)"
  state: "Niedersachsen"
ALZ:
  title: "Alzenau in Unterfranken"
  state: "Bayern"
AM:
  title: "Amberg"
  state: "Bayern"
AN:
  title: "Ansbach"
  state: "Bayern"
ANA:
  title: "Annaberg-Buchholz"
  state: "Nordrhein-Westfalen"
ANG:
  title: "Angermünde"
  state: "Brandenburg"
ANK:
  title: "Anklam (Vorpommern-Greifswald)"
  state: "Mecklenburg-Vorpommern"
AP:
  title: "Apolda (Weimarer-Land)"
  state: "Thüringen"
APD:
  title: "Apolda (Weimarer Land)"
  state: "Thüringen"
ARN:
  title: "Arnstadt (Ilm-Kreis)"
  state: "Thüringen"
ART:
  title: "Artern (Kyffhäuserkreis)"
  state: "Thüringen"
AS:
  title: "Amberg-Sulzbach"
  state: "Bayern"
ASL:
  title: "Aschersleben (Salzlandkreis)"
  state: "Sachsen-Anhalt"
ASZ:
  title: "Aue-Schwarzenberg"
  state: "Sachsen"
AT:
  title: "Altentreptow (Mecklenburgische Seenplatte)"
  state: "Thüringen"
AU:
  title: "Aue (Erzgebirgskreis)"
  state: "Sachsen"
AUR:
  title: "Aurich"
  state: "Niedersachsen"
AW:
  title: "Ahrweiler"
  state: "Rheinland-Pfalz"
AZ:
  title: "Alzey-Worms"
  state: "Rheinland-Pfalz"
AZE:
  title: "Anhalt-Zerbst"
  state: "Sachsen-Anhalt"
AÖ:
  title: "Altötting"
  state: "Bayern"
B:
  title: "Berlin"
  state: "Berlin"
BA:
  title: "Bamberg"
  state: "Bayern"
BAD:
  title: "Baden-Baden"
  state: "Baden-Württemberg"
BAR:
  title: "Barnim"
  state: "Brandenburg"
BB:
  title: "Böblingen"
  state: "Baden-Württemberg"
BBG:
  title: "Bernburg"
  state: "Sachsen-Anhalt"
BBL:
  title: "Landesregierung Brandenburg"
  state: "Brandenburg"
BC:
  title: "Biberach/Riss"
  state: "Baden-Württemberg"
BCH:
  title: "Buchen (Odenwald)"
  state: "Baden-Württemberg"
BD:
  title: "Bundesrepublik Deutschland"
  state: "Bundesweit"
BE:
  title: "Beckum"
  state: "Nordrhein-Westfalen"
BED:
  title: "Brand-Erbisdorf (Mittelsachsen)"
  state: "Sachsen"
BER:
  title: "Bernau (Berlin)"
  state: "Brandenburg"
BF:
  title: "Steinfurt"
  state: "Nordrhein-Westfalen"
BGD:
  title: "Berchtesgadener Land"
  state: "Bayern"
BGL:
  title: "Berchtesgadener Land"
  state: "Bayern"
BH:
  title: "Bühl"
  state: "Baden-Württemberg"
BI:
  title: "Bielefeld"
  state: "Nordrhein-Westfalen"
BID:
  title: "Biedenkopf (Marburg-Biedenkopf)"
  state: "Hessen"
BIN:
  title: "Bingen (Mainz-Bingen)"
  state: "Rheinland-Pfalz"
BIR:
  title: "Birkenfeld/Nahe und Idar-Oberstein"
  state: "Rheinland-Pfalz"
BIT:
  title: "Bitburg-Prüm"
  state: "Rheinland-Pfalz"
BIW:
  title: "Bischofswerda (Bautzen)"
  state: "Sachsen"
BK:
  title: "Bördekreis"
  state: "Sachsen-Anhalt"
BK:
  title: "Backnang"
  state: "Baden-Württemberg"
BKS:
  title: "Bernkastel-Kues (Bernkastel-Wittlich)"
  state: "Rheinland-Pfalz"
BL:
  title: "Balingen (Zollernalbkreis)"
  state: "Baden-Württemberg"
BLB:
  title: "Bad Berleburg (Siegen-Wittgenstein)"
  state: "Nordrhein-Westfalen"
BLK:
  title: "Burgenlandkreis"
  state: "Sachsen-Anhalt"
BM:
  title: "Bergheim (Erftkreis)"
  state: "Nordrhein-Westfalen"
BN:
  title: "Bonn"
  state: "Nordrhein-Westfalen"
BNA:
  title: "Borna (Leipzig)"
  state: "Sachsen"
BO:
  title: "Bochum"
  state: "Nordrhein-Westfalen"
BOH:
  title: "Bocholt (Kreis Borken)"
  state: "Nordrhein-Westfalen"
BOR:
  title: "Borken (Ahaus)"
  state: "Nordrhein-Westfalen"
BOT:
  title: "Bottrop"
  state: "Nordrhein-Westfalen"
BP:
  title: "Bundespolizei"
  state: "Bundesweit"
BRA:
  title: "Brake (Wesermarsch)"
  state: "Niedersachsen"
BRB:
  title: "Brandenburg"
  state: "Brandenburg"
BRG:
  title: "Burg (Magdeburg)"
  state: "Sachsen-Anhalt"
BRK:
  title: "Bad Brückenau"
  state: "Bayern"
BRL:
  title: "Braunlage (Goslar)"
  state: "Niedersachsen"
BRV:
  title: "Bremervörde (Rotenburg / Wümme)"
  state: "Niedersachsen"
BS:
  title: "Braunschweig"
  state: "Niedersachsen"
BT:
  title: "Bayreuth"
  state: "Bayern"
BTF:
  title: "Bitterfeld"
  state: "Sachsen-Anhalt"
BUL:
  title: "Burglengenfeld"
  state: "Bayern"
BW:
  title: "Wasser- und Schifffahrtsverwaltung des Bundes"
  state: "Bundesweit"
BWL:
  title: "Landesregierung Baden-Württemberg"
  state: "Baden-Württemberg"
BY:
  title: "Landesregierung Bayern"
  state: "Bayern"
BYL:
  title: "Bayern, Landesregierung und Landtag"
  state: "Bayern"
BZ:
  title: "Bautzen"
  state: "Sachsen"
BÖ:
  title: "Börde"
  state: "Sachsen-Anhalt"
BÜD:
  title: "Büdingen (Wetteraukreis)"
  state: "Hessen"
BÜR:
  title: "Büren"
  state: "Nordrhein-Westfalen"
BÜS:
  title: "Büsingen am Hochrhein"
  state: "Baden-Württemberg"
BÜZ:
  title: "Bützow (Rostock)"
  state: "Mecklenburg-Vorpommern"
C:
  title: "Chemnitz"
  state: "Sachsen"
CA:
  title: "Calau (Oberspreewald-Lausitz)"
  state: "Brandenburg"
CAS:
  title: "Castrop-Rauxel (Recklinghausen)"
  state: "Nordrhein-Westfalen"
CB:
  title: "Cottbus"
  state: "Brandenburg"
CE:
  title: "Celle"
  state: "Niedersachsen"
CHA:
  title: "Cham (Oberpfalz)"
  state: "Bayern"
CLP:
  title: "Cloppenburg"
  state: "Niedersachsen"
CLZ:
  title: "Clausthal-Zellerfeld (Goslar)"
  state: "Niedersachsen"
CO:
  title: "Coburg"
  state: "Bayern"
COC:
  title: "Cochem-Zell/Mosel"
  state: "Rheinland-Pfalz"
COE:
  title: "Coesfeld (Westfalen)"
  state: "Nordrhein-Westfalen"
CR:
  title: "Crailsheim"
  state: "Baden-Württemberg"
CUX:
  title: "Cuxhaven"
  state: "Niedersachsen"
CW:
  title: "Calw"
  state: "Baden-Württemberg"
D:
  title: "Düsseldorf"
  state: "Nordrhein-Westfalen"
DA:
  title: "Darmstadt"
  state: "Hessen"
DAH:
  title: "Dachau"
  state: "Bayern"
DAN:
  title: "Lüchow-Dannenberg"
  state: "Niedersachsen"
DAU:
  title: "Daun"
  state: "Rheinland-Pfalz"
DBR:
  title: "Bad Doberan"
  state: "Mecklenburg-Vorpommern"
DD:
  title: "Dresden"
  state: "Sachsen"
DE:
  title: "Dessau"
  state: "Sachsen-Anhalt"
DEG:
  title: "Deggendorf"
  state: "Bayern"
DEL:
  title: "Delmenhorst"
  state: "Niedersachsen"
DGF:
  title: "Dingolfing-Landau"
  state: "Bayern"
DH:
  title: "Diepholz"
  state: "Niedersachsen"
DI:
  title: "Dieburg (Darmstadt-Dieburg)"
  state: "Hessen"
DIL:
  title: "Dillkreis"
  state: "Hessen"
DIN:
  title: "Dinslaken"
  state: "Nordrhein-Westfalen"
DIZ:
  title: "Diez (Rhein-Lahn-Kreis)"
  state: "Hessen"
DKB:
  title: "Dinkelsbühl"
  state: "Bayern"
DL:
  title: "Döbeln"
  state: "Sachsen"
DLG:
  title: "Dillingen/Donau"
  state: "Bayern"
DM:
  title: "Demmin"
  state: "Mecklenburg-Vorpommern"
DN:
  title: "Düren"
  state: "Nordrhein-Westfalen"
DO:
  title: "Dortmund"
  state: "Nordrhein-Westfalen"
DON:
  title: "Donauwörth (Donau-Ries)"
  state: "Bayern"
DU:
  title: "Duisburg"
  state: "Nordrhein-Westfalen"
DUD:
  title: "Duderstadt (Göttingen)"
  state: "Niedersachsen"
DW:
  title: "Dippoldiswalde"
  state: "Sachsen"
DZ:
  title: "Delitzsch"
  state: "Sachsen"
DÜW:
  title: "Bad Dürkheim"
  state: "Rheinland-Pfalz"
E:
  title: "Essen"
  state: "Nordrhein-Westfalen"
EA:
  title: "Eisenach"
  state: "Thüringen"
EB:
  title: "Eilenburg (Nordsachsen)"
  state: "Sachsen"
EBE:
  title: "Ebersberg"
  state: "Bayern"
EBN:
  title: "Ebern"
  state: "Bayern"
EBS:
  title: "Ebermannstadt"
  state: "Bayern"
ECK:
  title: "Eckernförde (Rendsburg)"
  state: "Schleswig-Holstein"
ED:
  title: "Erding"
  state: "Bayern"
EE:
  title: "Elbe-Elster"
  state: "Brandenburg"
EF:
  title: "Erfurt"
  state: "Thüringen"
EG:
  title: "Eggenfelden"
  state: "Bayern"
EH:
  title: "Eisenhüttenstadt"
  state: "Brandenburg"
EI:
  title: "Eichstätt"
  state: "Bayern"
EIC:
  title: "Eichsfeld"
  state: "Thüringen"
EIL:
  title: "Eisleben (Mansfeld-Südharz)"
  state: "Sachsen-Anhalt"
EIN:
  title: "Einbeck (Northeim)"
  state: "Niedersachsen"
EIS:
  title: "Eisenberg (Saale-Holzland-Kreis)"
  state: "Thüringen"
EL:
  title: "Emsland (Meppen)"
  state: "Niedersachsen"
EM:
  title: "Emmendingen"
  state: "Baden-Württemberg"
EMD:
  title: "Emden"
  state: "Niedersachsen"
EMS:
  title: "Bad Ems (Rhein-Lahn-Kreis)"
  state: "Rheinland-Pfalz"
EN:
  title: "Ennepe-Ruhr-Kreis (Schwelm)"
  state: "Nordrhein-Westfalen"
ER:
  title: "Erlangen/Stadt"
  state: "Bayern"
ERB:
  title: "Erbach (Odenwaldkreis)"
  state: "Hessen"
ERH:
  title: "Erlangen-Höchstadt"
  state: "Bayern"
ERK:
  title: "Erkelenz"
  state: "Nordrhein-Westfalen"
ERZ:
  title: "Erzgebirgskreis"
  state: "Sachsen"
ES:
  title: "Esslingen/Neckar"
  state: "Baden-Württemberg"
ESB:
  title: "Eschenbach in der Oberpfalz"
  state: "Bayern"
ESW:
  title: "Eschwege (Werra-Meissner-Kreis)"
  state: "Hessen"
EU:
  title: "Euskirchen"
  state: "Nordrhein-Westfalen"
EW:
  title: "Eberswalde (Barnim)"
  state: "Brandenburg"
F:
  title: "Frankfurt/Main"
  state: "Hessen"
FB:
  title: "Friedberg (Wetteraukreis)"
  state: "Hessen"
FD:
  title: "Fulda"
  state: "Hessen"
FDB:
  title: "Friedberg"
  state: "Bayern"
FDS:
  title: "Freudenstadt"
  state: "Hessen"
FEU:
  title: "Feuchtwangen"
  state: "Bayern"
FF:
  title: "Frankfurt/Oder"
  state: "Brandenburg"
FFB:
  title: "Fürstenfeldbruck"
  state: "Bayern"
FG:
  title: "Freiberg (Sachsen)"
  state: "Sachsen"
FI:
  title: "Finsterwalde (Elbe-Elster)"
  state: "Brandenburg"
FKB:
  title: "Waldeck-Frankenberg"
  state: "Hessen"
FL:
  title: "Flensburg"
  state: "Schleswig-Holstein"
FLÖ:
  title: "Flöha (Mittelsachsen)"
  state: "Sachsen"
FN:
  title: "Friedrichshafen (Bodenseekreis)"
  state: "Baden-Württemberg"
FO:
  title: "Forchheim"
  state: "Bayern"
FOR:
  title: "Forst (Lausitz)"
  state: "Brandenburg"
FR:
  title: "Freiburg (Breisgau)"
  state: "Baden-Württemberg"
FRG:
  title: "Freyung-Grafenau"
  state: "Bayern"
FRI:
  title: "Friesland (Jever)"
  state: "Niedersachsen"
FRW:
  title: "Bad Freienwalde (Oder)"
  state: "Brandenburg"
FS:
  title: "Freising"
  state: "Bayern"
FT:
  title: "Frankenthal/Pfalz"
  state: "Rheinland-Pfalz"
FTL:
  title: "Freital (Sächsische Schweiz)"
  state: "Sachsen"
FZ:
  title: "Fritzlar-Homberg"
  state: "Hessen"
FÜ:
  title: "Fürth"
  state: "Bayern"
FÜS:
  title: "Füssen"
  state: "Bayern"
G:
  title: "Gera"
  state: "Thüringen"
GA:
  title: "Gardelegen (Altmarkkreis Salzwedel)"
  state: "Sachsen-Anhalt"
GAN:
  title: "Bad Gandersheim (Northeim)"
  state: "Niedersachsen"
GAP:
  title: "Garmisch-Partenkirchen"
  state: "Bayern"
GC:
  title: "Glauchau"
  state: "Sachsen"
GD:
  title: "Schwäbisch Gmünd"
  state: "Baden-Württemberg"
GDB:
  title: "Gadebusch"
  state: "Mecklenburg-Vorpommern"
GE:
  title: "Gelsenkirchen"
  state: "Nordrhein-Westfalen"
GEL:
  title: "Geldern"
  state: "Nordrhein-Westfalen"
GEO:
  title: "Gerolzhofen"
  state: "Bayern"
GER:
  title: "Germersheim"
  state: "Rheinland-Pfalz"
GF:
  title: "Gifhorn"
  state: "Niedersachsen"
GG:
  title: "Gross-Gerau"
  state: "Hessen"
GHA:
  title: "Geithain (Leipzig)"
  state: "Sachsen"
GHC:
  title: "Gräfenhainichen"
  state: "Sachsen-Anhalt"
GI:
  title: "Giessen"
  state: "Hessen"
GK:
  title: "Selfkantkreis Geilenkirchen-Heinsberg"
  state: "Nordrhein-Westfalen"
GL:
  title: "Bergisch Gladbach"
  state: "Nordrhein-Westfalen"
GLA:
  title: "Gladbeck"
  state: "Nordrhein-Westfalen"
GM:
  title: "Gummersbach (Oberbergischer Kreis)"
  state: "Nordrhein-Westfalen"
GMN:
  title: "Grimmen"
  state: "Mecklenburg-Vorpommern"
GN:
  title: "Gelnhausen"
  state: "Hessen"
GNT:
  title: "Genthin"
  state: "Sachsen-Anhalt"
GOA:
  title: "St. Goar (Rhein-Hunsrück-Kreis)"
  state: "Rheinland-Pfalz"
GOH:
  title: "St. Goarshausen (Rhein-Lahn-Kreis)"
  state: "Hessen"
GP:
  title: "Göppingen"
  state: "Baden-Württemberg"
GR:
  title: "Görlitz"
  state: "Sachsen"
GRA:
  title: "Grafenau"
  state: "Bayern"
GRH:
  title: "Großenhain (Meißen)"
  state: "Sachsen"
GRI:
  title: "Griesbach im Rottal"
  state: "Bayern"
GRM:
  title: "Grimma (Leipzig)"
  state: "Sachsen"
GRZ:
  title: "Greiz"
  state: "Thüringen"
GS:
  title: "Goslar"
  state: "Niedersachsen"
GT:
  title: "Gütersloh (Rheda-Wiedenbrück)"
  state: "Nordrhein-Westfalen"
GTH:
  title: "Gotha"
  state: "Thüringen"
GUB:
  title: "Guben"
  state: "Brandenburg"
GUN:
  title: "Weißenburg-Gunzenhausen"
  state: "Bayern"
GV:
  title: "Grevenbroich"
  state: "Nordrhein-Westfalen"
GVM:
  title: "Grevesmühlen"
  state: "Mecklenburg-Vorpommern"
GW:
  title: "Greifswald"
  state: "Mecklenburg-Vorpommern"
GZ:
  title: "Günzburg"
  state: "Bayern"
GÖ:
  title: "Göttingen"
  state: "Niedersachsen"
GÜ:
  title: "Güstrow"
  state: "Mecklenburg-Vorpommern"
H:
  title: "Hannover"
  state: "Niedersachsen"
HA:
  title: "Hagen (Westfalen)"
  state: "Nordrhein-Westfalen"
HAB:
  title: "Hammelburg"
  state: "Bayern"
HAL:
  title: "Halle/Saale"
  state: "Sachsen-Anhalt"
HAM:
  title: "Hamm/Westfalen"
  state: "Nordrhein-Westfalen"
HAS:
  title: "Hassberge in Hassfurt"
  state: "Bayern"
HB:
  title: "Hansestadt Bremen"
  state: "Bremen"
HBN:
  title: "Hildburghausen"
  state: "Thüringen"
HBS:
  title: "Halberstadt"
  state: "Sachsen-Anhalt"
HC:
  title: "Hainichen (Mittelsachsen)"
  state: "Sachsen"
HCH:
  title: "Hechingen"
  state: "Baden-Württemberg"
HD:
  title: "Heidelberg (Rhein-Neckar-Kreis)"
  state: "Baden-Württemberg"
HDH:
  title: "Heidenheim/Brenz"
  state: "Baden-Württemberg"
HDL:
  title: "Haldensleben"
  state: "Sachsen-Anhalt"
HE:
  title: "Helmstedt"
  state: "Niedersachsen"
HEB:
  title: "Hersbruck"
  state: "Bayern"
HEF:
  title: "Bad Hersfeld-Rotenburg"
  state: "Hessen"
HEI:
  title: "Heide in Dithmarschen/Holstein"
  state: "Schleswig-Holstein"
HEL:
  title: "Landesregierung Hessen"
  state: "Hessen"
HER:
  title: "Herne"
  state: "Nordrhein-Westfalen"
HET:
  title: "Hettstedt"
  state: "Sachsen-Anhalt"
HF:
  title: "Herford in Kirchlengern"
  state: "Nordrhein-Westfalen"
HG:
  title: "Bad Homburg (Hochtaunuskreis)"
  state: "Hessen"
HGN:
  title: "Hagenow (Ludwigslust-Parchim)"
  state: "Mecklenburg-Vorpommern"
HGW:
  title: "Hansestadt Greifswald"
  state: "Mecklenburg-Vorpommern"
HH:
  title: "Hansestadt Hamburg"
  state: "Hamburg"
HHM:
  title: "Hohenmölsen"
  state: "Sachsen-Anhalt"
HI:
  title: "Hildesheim"
  state: "Niedersachsen"
HIG:
  title: "Heiligenstadt"
  state: "Thüringen"
HIP:
  title: "Hilpoltstein"
  state: "Bayern"
HK:
  title: "Heidekreis"
  state: "Niedersachsen"
HL:
  title: "Hansestadt Lübeck"
  state: "Schleswig-Holstein"
HM:
  title: "Hameln-Pyrmont"
  state: "Niedersachsen"
HMÜ:
  title: "Hann. Münden (Göttingen)"
  state: "Niedersachsen"
HN:
  title: "Heilbronn/Neckar"
  state: "Baden-Württemberg"
HO:
  title: "Hof"
  state: "Bayern"
HOG:
  title: "Hofgeismar"
  state: "Hessen"
HOH:
  title: "Hofheim in Unterfranken"
  state: "Bayern"
HOL:
  title: "Holzminden"
  state: "Niedersachsen"
HOM:
  title: "Homburg/Saar (Saar-Pfalz-Kreis)"
  state: "Saarland"
HOR:
  title: "Horb"
  state: "Baden-Württemberg"
HOT:
  title: "Hohenstein-Ernstthal (Zwickau)"
  state: "Sachsen"
HP:
  title: "Bergstrasse in Heppenheim"
  state: "Hessen"
HR:
  title: "Homberg (Schwalm-Eder-Kreis)"
  state: "Hessen"
HRO:
  title: "Hansestadt Rostock"
  state: "Mecklenburg-Vorpommern"
HS:
  title: "Heinsberg"
  state: "Nordrhein-Westfalen"
HSK:
  title: "Hochsauerlandkreis"
  state: "Nordrhein-Westfalen"
HST:
  title: "Hansestadt Stralsund"
  state: "Mecklenburg-Vorpommern"
HU:
  title: "Hanau"
  state: "Hessen"
HV:
  title: "Havelberg"
  state: "Sachsen-Anhalt"
HVL:
  title: "Havelland"
  state: "Brandenburg"
HWI:
  title: "Hansestadt Wismar"
  state: "Mecklenburg-Vorpommern"
HX:
  title: "Höxter"
  state: "Nordrhein-Westfalen"
HY:
  title: "Hoyerswerda"
  state: "Sachsen-Anhalt"
HZ:
  title: "Landkreis Harz"
  state: "Sachsen-Anhalt"
HÖS:
  title: "Höchstadt an der Aisch"
  state: "Bayern"
IGB:
  title: "St. Ingbert"
  state: "Saarland"
IK:
  title: "Ilm-Kreis"
  state: "Thüringen"
IL:
  title: "Ilmenau"
  state: "Thüringen"
ILL:
  title: "Illertissen"
  state: "Bayern"
IN:
  title: "Ingolstadt/Donau"
  state: "Bayern"
IZ:
  title: "Itzehoe"
  state: "Schleswig-Holstein"
J:
  title: "Jena"
  state: "Thüringen"
JE:
  title: "Jessen (Elster)"
  state: "Sachsen-Anhalt"
JL:
  title: "Jerichower Land"
  state: "Sachsen-Anhalt"
JÜL:
  title: "Jülich"
  state: "Nordrhein-Westfalen"
K:
  title: "Köln"
  state: "Nordrhein-Westfalen"
KA:
  title: "Karlsruhe"
  state: "Baden-Württemberg"
KB:
  title: "Korbach (Waldeck-Frankenberg)"
  state: "Hessen"
KC:
  title: "Kronach"
  state: "Bayern"
KE:
  title: "Kempten/Allgäu"
  state: "Bayern"
KEH:
  title: "Kelheim"
  state: "Bayern"
KEL:
  title: "Kehl"
  state: "Baden-Württemberg"
KEM:
  title: "Kemnath"
  state: "Bayern"
KF:
  title: "Kaufbeuren"
  state: "Bayern"
KG:
  title: "Bad Kissingen"
  state: "Bayern"
KH:
  title: "Bad Kreuznach"
  state: "Rheinland-Pfalz"
KI:
  title: "Kiel"
  state: "Schleswig-Holstein"
KIB:
  title: "Kirchheimbolanden"
  state: "Rheinland-Pfalz"
KK:
  title: "Kempen-Krefeld"
  state: "Nordrhein-Westfalen"
KL:
  title: "Kaiserslautern"
  state: "Rheinland-Pfalz"
KLE:
  title: "Kleve"
  state: "Nordrhein-Westfalen"
KLZ:
  title: "Klötze"
  state: "Sachsen-Anhalt"
KM:
  title: "Kamenz"
  state: "Sachsen"
KN:
  title: "Konstanz"
  state: "Baden-Württemberg"
KO:
  title: "Koblenz"
  state: "Rheinland-Pfalz"
KR:
  title: "Krefeld"
  state: "Nordrhein-Westfalen"
KRU:
  title: "Krumbach (Schwaben)"
  state: "Bayern"
KS:
  title: "Kassel"
  state: "Hessen"
KT:
  title: "Kitzingen"
  state: "Bayern"
KU:
  title: "Kulmbach"
  state: "Bayern"
KUS:
  title: "Kusel"
  state: "Rheinland-Pfalz"
KW:
  title: "Königs Wusterhausen (Dahme-Spreewald)"
  state: "Brandenburg"
KY:
  title: "Kyritz"
  state: "Brandenburg"
KYF:
  title: "Kyffhäuserkreis"
  state: "Thüringen"
KÖN:
  title: "Königshofen im Grabfeld"
  state: "Bayern"
KÖT:
  title: "Köthen"
  state: "Sachsen-Anhalt"
KÖZ:
  title: "Kötzting"
  state: "Bayern"
KÜN:
  title: "Künzelsau (Hohenlohe-Kreis)"
  state: "Baden-Württemberg"
L:
  title: "Leipzig"
  state: "Sachsen"
LA:
  title: "Landshut"
  state: "Bayern"
LAU:
  title: "Lauf/Pegnitz"
  state: "Bayern"
LB:
  title: "Ludwigsburg"
  state: "Baden-Württemberg"
LBS:
  title: "Lobenstein"
  state: "Thüringen"
LBZ:
  title: "Lübz (Ludwigslust-Parchim)"
  state: "Mecklenburg-Vorpommern"
LC:
  title: "Luckau (Dahme-Spreewald)"
  state: "Brandenburg"
LD:
  title: "Landau i. d. Pfalz"
  state: "Rheinland-Pfalz"
LDK:
  title: "Lahn-Dill-Kreis"
  state: "Hessen"
LDS:
  title: "Dahme-Spreewald"
  state: "Brandenburg"
LEO:
  title: "Leonberg"
  state: "Baden-Württemberg"
LER:
  title: "Leer/Ostfriesland"
  state: "Niedersachsen"
LEV:
  title: "Leverkusen"
  state: "Nordrhein-Westfalen"
LF:
  title: "Laufen"
  state: "Bayern"
LG:
  title: "Lüneburg"
  state: "Niedersachsen"
LH:
  title: "Lüdinghausen"
  state: "Nordrhein-Westfalen"
LI:
  title: "Lindau/Bodensee"
  state: "Baden-Württemberg"
LIB:
  title: "Bad Liebenwerda"
  state: "Brandenburg"
LIF:
  title: "Lichtenfels"
  state: "Bayern"
LIP:
  title: "Lippe in Detmold"
  state: "Nordrhein-Westfalen"
LL:
  title: "Landsberg/Lech"
  state: "Bayern"
LM:
  title: "Limburg-Weilburg/Lahn"
  state: "Hessen"
LN:
  title: "Lübben"
  state: "Brandenburg"
LOS:
  title: "Landkreis Oder-Spree"
  state: "Brandenburg"
LP:
  title: "Lippstadt (Soest)"
  state: "Nordrhein-Westfalen"
LR:
  title: "Lahr"
  state: "Baden-Württemberg"
LRO:
  title: "Landkreis Rostock (Güstrow)"
  state: "Mecklenburg-Vorpommern"
LSA:
  title: "Landesregierung Sachsen-Anhalt"
  state: "Sachsen-Anhalt"
LSN:
  title: "Landesregierung Sachsen"
  state: "Sachsen"
LSZ:
  title: "Bad Langensalza"
  state: "Thüringen"
LU:
  title: "Ludwigshafen/Rhein"
  state: "Rheinland-Pfalz"
LUP:
  title: "Ludwigslust-Parchim"
  state: "Mecklenburg-Vorpommern"
LWL:
  title: "Ludwigslust"
  state: "Mecklenburg-Vorpommern"
LÖ:
  title: "Lörrach"
  state: "Baden-Württemberg"
LÖB:
  title: "Löbau (Görlitz)"
  state: "Sachsen"
LÜN:
  title: "Lünen (Unna)"
  state: "Nordrhein-Westfalen"
M:
  title: "München"
  state: "Bayern"
MA:
  title: "Mannheim"
  state: "Baden-Württemberg"
MAB:
  title: "Marienberg (Erzgebirgskreis)"
  state: "Sachsen"
MAI:
  title: "Mainburg"
  state: "Bayern"
MAK:
  title: "Marktredwitz"
  state: "Bayern"
MAL:
  title: "Mallersdorf"
  state: "Bayern"
MB:
  title: "Miesbach"
  state: "Bayern"
MC:
  title: "Malchin"
  state: "Mecklenburg-Vorpommern"
MD:
  title: "Magdeburg"
  state: "Sachsen-Anhalt"
ME:
  title: "Mettmann"
  state: "Nordrhein-Westfalen"
MED:
  title: "Süderdithmarschen"
  state: "Schleswig-Holstein"
MEG:
  title: "Melsungen"
  state: "Hessen"
MEI:
  title: "Meissen"
  state: "Sachsen"
MEK:
  title: "Mittlerer Erzgebirgskreis"
  state: "Sachsen"
MER:
  title: "Merseburg"
  state: "Sachsen-Anhalt"
MET:
  title: "Mellrichstadt"
  state: "Bayern"
MG:
  title: "Mönchengladbach"
  state: "Nordrhein-Westfalen"
MGH:
  title: "Mergentheim"
  state: "Baden-Württemberg"
MGN:
  title: "Meiningen"
  state: "Thüringen"
MH:
  title: "Mülheim/Ruhr"
  state: "Nordrhein-Westfalen"
MHL:
  title: "Mühlhausen/Thüringen"
  state: "Thüringen"
MI:
  title: "Minden-Lübbecke/Westfalen"
  state: "Nordrhein-Westfalen"
MIL:
  title: "Miltenberg"
  state: "Bayern"
MK:
  title: "Märkischer Kreis (Lüdenscheid)"
  state: "Nordrhein-Westfalen"
MKK:
  title: "Main-Kinzig-Kreis"
  state: "Hessen"
ML:
  title: "Mansfelder Land"
  state: "Sachsen-Anhalt"
MM:
  title: "Memmingen"
  state: "Bayern"
MN:
  title: "Unterallgäu in Mindelheim"
  state: "Bayern"
MO:
  title: "Moers"
  state: "Nordrhein-Westfalen"
MOD:
  title: "Marktoberdorf"
  state: "Bayern"
MOL:
  title: "Märkisch-Oderland"
  state: "Brandenburg"
MON:
  title: "Monschau"
  state: "Nordrhein-Westfalen"
MOS:
  title: "Mosbach (Neckar-Odenwald-Kreis)"
  state: "Baden-Württemberg"
MQ:
  title: "Merseburg-Querfurt"
  state: "Sachsen-Anhalt"
MR:
  title: "Marburg-Biedenkopf/Lahn"
  state: "Hessen"
MS:
  title: "Münster/Westfalen"
  state: "Nordrhein-Westfalen"
MSE:
  title: "Mecklenburgische Seenplatte"
  state: "Mecklenburg-Vorpommern"
MSH:
  title: "Mansfeld-Südharz-Kreis"
  state: "Sachsen-Anhalt"
MSP:
  title: "Main-Spessart-Kreis (Karlstadt)"
  state: "Bayern"
MST:
  title: "Mecklenburg-Strelitz"
  state: "Mecklenburg-Vorpommern"
MTK:
  title: "Main-Taunus-Kreis (Hofheim)"
  state: "Hessen"
MTL:
  title: "Muldentalkreis"
  state: "Sachsen"
MVL:
  title: "Landesreg. Mecklenburg-Vorpommern"
  state: "Mecklenburg-Vorpommern"
MW:
  title: "Mittweida"
  state: "Sachsen"
MY:
  title: "Mayen"
  state: "Rheinland-Pfalz"
MYK:
  title: "Mayen-Koblenz"
  state: "Rheinland-Pfalz"
MZ:
  title: "Mainz-Bingen und Mainz"
  state: "Rheinland-Pfalz"
MZG:
  title: "Merzig-Wadern"
  state: "Saarland"
MÜ:
  title: "Mühldorf am Inn"
  state: "Bayern"
MÜB:
  title: "Münchberg"
  state: "Bayern"
MÜR:
  title: "Müritz"
  state: "Mecklenburg-Vorpommern"
N:
  title: "Nürnberg"
  state: "Bayern"
NAB:
  title: "Nabburg"
  state: "Bayern"
NAI:
  title: "Naila"
  state: "Bayern"
NAU:
  title: "Nauen"
  state: "Brandenburg"
NB:
  title: "Neubrandenburg"
  state: "Mecklenburg-Vorpommern"
ND:
  title: "Neuburg-Schrobenhausen/Donau"
  state: "Bayern"
NDH:
  title: "Nordhausen"
  state: "Thüringen"
NE:
  title: "Neuss"
  state: "Nordrhein-Westfalen"
NEA:
  title: "Neustadt-Bad Windsheim/Aisch"
  state: "Bayern"
NEB:
  title: "Nebra"
  state: "Sachsen-Anhalt"
NEC:
  title: "Neustadt bei Coburg"
  state: "Bayern"
NEN:
  title: "Neunburg vorm Wald"
  state: "Bayern"
NES:
  title: "Bad Neustadt/Saale (Rhön-Grabfeld)"
  state: "Bayern"
NEW:
  title: "Neustadt/Waldnaab"
  state: "Bayern"
NF:
  title: "Nordfriesland (Husum)"
  state: "Schleswig-Holstein"
NH:
  title: "Neuhaus am Rennweg"
  state: "Thüringen"
NI:
  title: "Nienburg/Weser"
  state: "Niedersachsen"
NK:
  title: "Neunkirchen/Saar"
  state: "Saarland"
NL:
  title: "Landesregierung Niedersachsen"
  state: "Niedersachsen"
NM:
  title: "Neumarkt/Oberpfalz"
  state: "Bayern"
NMB:
  title: "Naumburg"
  state: "Sachsen-Anhalt"
NMS:
  title: "Neumünster"
  state: "Schleswig-Holstein"
NOH:
  title: "Nordhorn (Grafschaft Bentheim)"
  state: "Niedersachsen"
NOL:
  title: "Niederschlesische Oberlausitz"
  state: "Sachsen"
NOM:
  title: "Northeim"
  state: "Niedersachsen"
NOR:
  title: "Norden (Aurich)"
  state: "Niedersachsen"
NP:
  title: "Neuruppin"
  state: "Brandenburg"
NR:
  title: "Neuwied/Rhein"
  state: "Rheinland-Pfalz"
NRW:
  title: "Landesregierung NRW"
  state: "Nordrhein-Westfalen"
NT:
  title: "Nürtingen"
  state: "Baden-Württemberg"
NU:
  title: "Neu-Ulm"
  state: "Bayern"
NVP:
  title: "Nordvorpommern"
  state: "Mecklenburg-Vorpommern"
NW:
  title: "Neustadt/Weinstrasse"
  state: "Rheinland-Pfalz"
NWM:
  title: "Nordwestmecklenburg"
  state: "Mecklenburg-Vorpommern"
NY:
  title: "Niesky (Görlitz)"
  state: "Sachsen"
NZ:
  title: "Neustrelitz"
  state: "Mecklenburg-Vorpommern"
NÖ:
  title: "Nördlingen"
  state: "Bayern"
OA:
  title: "Oberallgäu (Sonthofen)"
  state: "Bayern"
OAL:
  title: "Ostallgäu (Marktoberdorf)"
  state: "Bayern"
OB:
  title: "Oberhausen/Rheinland"
  state: "Nordrhein-Westfalen"
OBG:
  title: "Osterburg"
  state: "Sachsen-Anhalt"
OC:
  title: "Oschersleben"
  state: "Sachsen-Anhalt"
OCH:
  title: "Ochsenfurt"
  state: "Bayern"
OD:
  title: "Bad Oldesloe (Stormarn)"
  state: "Schleswig-Holstein"
OE:
  title: "Olpe"
  state: "Nordrhein-Westfalen"
OF:
  title: "Offenbach/Main"
  state: "Hessen"
OG:
  title: "Offenburg (Ortenaukreis)"
  state: "Baden-Württemberg"
OH:
  title: "Ostholstein (Eutin)"
  state: "Schleswig-Holstein"
OHA:
  title: "Osterode/Harz"
  state: "Niedersachsen"
OHV:
  title: "Oberhavel"
  state: "Brandenburg"
OHZ:
  title: "Osterholz-Scharmbeck"
  state: "Niedersachsen"
OK:
  title: "Ohrekreis"
  state: "Sachsen-Anhalt"
OL:
  title: "Oldenburg"
  state: "Niedersachsen"
OP:
  title: "Opladen (Rhein-Wupper-Kreis)"
  state: "Nordrhein-Westfalen"
OPR:
  title: "Ostprignitz-Ruppin"
  state: "Brandenburg"
OS:
  title: "Osnabrück"
  state: "Niedersachsen"
OSL:
  title: "Oberspreewald-Lausitz"
  state: "Brandenburg"
OVI:
  title: "Oberviechtach"
  state: "Bayern"
OVL:
  title: "Obervogtland (Vogtlandkreis)"
  state: "Sachsen"
OVP:
  title: "Ostvorpommern"
  state: "Mecklenburg-Vorpommern"
OZ:
  title: "Oschatz (Nordsachsen)"
  state: "Sachsen"
ÖHR:
  title: "Öhringen"
  state: "Baden-Württemberg"
P:
  title: "Potsdam"
  state: "Brandenburg"
PA:
  title: "Passau"
  state: "Bayern"
PAF:
  title: "Pfaffenhofen/Ilm"
  state: "Bayern"
PAN:
  title: "Pfarrkirchen (Rottal-Inn)"
  state: "Bayern"
PAR:
  title: "Parsberg"
  state: "Bayern"
PB:
  title: "Paderborn"
  state: "Nordrhein-Westfalen"
PCH:
  title: "Parchim"
  state: "Mecklenburg-Vorpommern"
PE:
  title: "Peine"
  state: "Niedersachsen"
PEG:
  title: "Pegnitz"
  state: "Bayern"
PF:
  title: "Pforzheim (Enzkreis)"
  state: "Baden-Württemberg"
PI:
  title: "Pinneberg"
  state: "Schleswig-Holstein"
PIR:
  title: "Pirna"
  state: "Sachsen"
PL:
  title: "Plauen"
  state: "Sachsen"
PLÖ:
  title: "Plön/Holstein"
  state: "Schleswig-Holstein"
PM:
  title: "Potsdam-Mittelmark"
  state: "Brandenburg"
PN:
  title: "Pößneck"
  state: "Thüringen"
PR:
  title: "Prignitz"
  state: "Brandenburg"
PRÜ:
  title: "Prüm (Bitburg)"
  state: "Rheinland-Pfalz"
PS:
  title: "Pirmasens/Südwestpfals"
  state: "Rheinland-Pfalz"
PW:
  title: "Pasewalk"
  state: "Mecklenburg-Vorpommern"
PZ:
  title: "Prenzlau"
  state: "Brandenburg"
QFT:
  title: "Querfurt"
  state: "Sachsen-Anhalt"
QLB:
  title: "Quedlinburg"
  state: "Sachsen-Anhalt"
R:
  title: "Regensburg"
  state: "Bayern"
RA:
  title: "Rastatt"
  state: "Baden-Württemberg"
RC:
  title: "Reichenbach (Vogtlandkreis)"
  state: "Sachsen"
RD:
  title: "Rendsburg-Eckernfoerde"
  state: "Schleswig-Holstein"
RDG:
  title: "Ribnitz-Damgarten"
  state: "Mecklenburg-Vorpommern"
RE:
  title: "Recklinghausen"
  state: "Nordrhein-Westfalen"
REG:
  title: "Regen (Bayr. Wald)"
  state: "Bayern"
REH:
  title: "Rehau"
  state: "Bayern"
REI:
  title: "Bad Reichenhall"
  state: "Bayern"
RG:
  title: "Riesa-Großenhain"
  state: "Sachsen"
RH:
  title: "Roth/Rednitz"
  state: "Bayern"
RI:
  title: "Rinteln (Schaumburg)"
  state: "Niedersachsen"
RID:
  title: "Riedenburg"
  state: "Bayern"
RIE:
  title: "Riesa (Meißen)"
  state: "Sachsen"
RL:
  title: "Rochlitz (Mittelsachsen)"
  state: "Sachsen"
RM:
  title: "Röbel/Müritz"
  state: "Mecklenburg-Vorpommern"
RN:
  title: "Rathenow"
  state: "Brandenburg"
RO:
  title: "Rosenheim"
  state: "Bayern"
ROD:
  title: "Roding"
  state: "Bayern"
ROF:
  title: "Rotenburg"
  state: "Hessen"
ROK:
  title: "Rockenhausen"
  state: "Rheinland-Pfalz"
ROL:
  title: "Rottenburg an der Laaber"
  state: "Bayern"
ROS:
  title: "Rostock"
  state: "Mecklenburg-Vorpommern"
ROT:
  title: "Rothenburg ob der Tauber"
  state: "Bayern"
ROW:
  title: "Rotenburg/Wümme"
  state: "Niedersachsen"
RP:
  title: "Rhein-Pfalz-Kreis"
  state: "Rheinland-Pfalz"
RPL:
  title: "Landesregierung Rheinland-Pfalz"
  state: "Rheinland-Pfalz"
RS:
  title: "Remscheid"
  state: "Nordrhein-Westfalen"
RSL:
  title: "Roßlau (Elbe)"
  state: "Mecklenburg-Vorpommern"
RT:
  title: "Reutlingen"
  state: "Baden-Württemberg"
RU:
  title: "Rudolstadt"
  state: "Thüringen"
RV:
  title: "Ravensburg"
  state: "Baden-Württemberg"
RW:
  title: "Rottweil"
  state: "Baden-Württemberg"
RZ:
  title: "Ratzeburg (Herzogtum Lauenburg)"
  state: "Schleswig-Holstein"
RÜD:
  title: "Rüdesheim (Rheingau-Taunus-Kreis)"
  state: "Hessen"
RÜG:
  title: "Rügen"
  state: "Mecklenburg-Vorpommern"
S:
  title: "Stuttgart"
  state: "Baden-Württemberg"
SAB:
  title: "Saarburg (Trier-Saarburg)"
  state: "Rheinland-Pfalz"
SAD:
  title: "Schwandorf"
  state: "Bayern"
SAL:
  title: "Landesregierung Saarland"
  state: "Saarland"
SAN:
  title: "Stadtsteinach"
  state: "Bayern"
SAW:
  title: "Salzwedel"
  state: "Sachsen-Anhalt"
SB:
  title: "Saarbrücken"
  state: "Saarland"
SBG:
  title: "Strasburg"
  state: "Mecklenburg-Vorpommern"
SBK:
  title: "Schönebeck/Elbe"
  state: "Sachsen-Anhalt"
SC:
  title: "Schwabach"
  state: "Bayern"
SCZ:
  title: "Schleiz"
  state: "Thüringen"
SDH:
  title: "Sondershausen"
  state: "Thüringen"
SDL:
  title: "Stendal"
  state: "Sachsen-Anhalt"
SDT:
  title: "Schwedt"
  state: "Brandenburg"
SE:
  title: "Bad Segeberg"
  state: "Schleswig-Holstein"
SEB:
  title: "Sebnitz (Sächsische Schweiz)"
  state: "Sachsen"
SEE:
  title: "Seelow"
  state: "Brandenburg"
SEF:
  title: "Scheinfeld"
  state: "Bayern"
SEL:
  title: "Selb"
  state: "Bayern"
SFA:
  title: "Soltau-Fallingbostel"
  state: "Niedersachsen"
SFB:
  title: "Senftenberg"
  state: "Brandenburg"
SFT:
  title: "Staßfurt"
  state: "Sachsen-Anhalt"
SG:
  title: "Solingen"
  state: "Nordrhein-Westfalen"
SGH:
  title: "Sangerhausen"
  state: "Sachsen-Anhalt"
SH:
  title: "Landesregierung Schleswig-Holstein"
  state: "Schleswig-Holstein"
SHA:
  title: "Schwäbisch Hall"
  state: "Baden-Württemberg"
SHG:
  title: "Stadthagen (Schaumburg)"
  state: "Niedersachsen"
SHK:
  title: "Saale-Holzlandkreis"
  state: "Thüringen"
SHL:
  title: "Suhl"
  state: "Thüringen"
SI:
  title: "Siegen"
  state: "Nordrhein-Westfalen"
SIG:
  title: "Sigmaringen"
  state: "Baden-Württemberg"
SIM:
  title: "Simmern (Rhein-Hunsrück-Kreis)"
  state: "Rheinland-Pfalz"
SK:
  title: "Saalkreis in Halle"
  state: "Sachsen-Anhalt"
SL:
  title: "Schleswig-Flensburg"
  state: "Schleswig-Holstein"
SLE:
  title: "Schleiden"
  state: "Nordrhein-Westfalen"
SLF:
  title: "Saalfeld"
  state: "Thüringen"
SLK:
  title: "Salzlandkreis"
  state: "Sachsen-Anhalt"
SLN:
  title: "Schmölln"
  state: "Thüringen"
SLS:
  title: "Saarlouis"
  state: "Saarland"
SLZ:
  title: "Bad Salzungen"
  state: "Thüringen"
SLÜ:
  title: "Schlüchtern"
  state: "Hessen"
SM:
  title: "Schmalkalden"
  state: "Thüringen"
SN:
  title: "Schwerin"
  state: "Mecklenburg-Vorpommern"
SO:
  title: "Soest"
  state: "Nordrhein-Westfalen"
SOB:
  title: "Schrobenhausen"
  state: "Bayern"
SOG:
  title: "Schongau"
  state: "Bayern"
SOK:
  title: "Saale-Orla-Kreis"
  state: "Thüringen"
SON:
  title: "Sonneberg"
  state: "Thüringen"
SP:
  title: "Speyer"
  state: "Rheinland-Pfalz"
SPB:
  title: "Spremberg"
  state: "Brandenburg"
SPN:
  title: "Spree-Neisse"
  state: "Brandenburg"
SR:
  title: "Straubing-Bogen"
  state: "Bayern"
SRB:
  title: "Strausberg"
  state: "Brandenburg"
SRO:
  title: "Stadtroda"
  state: "Thüringen"
ST:
  title: "Steinfurt"
  state: "Nordrhein-Westfalen"
STA:
  title: "Starnberg"
  state: "Bayern"
STB:
  title: "Sternberg"
  state: "Mecklenburg-Vorpommern"
STD:
  title: "Stade"
  state: "Niedersachsen"
STE:
  title: "Staffelstein"
  state: "Bayern"
STL:
  title: "Stollberg"
  state: "Sachsen"
SU:
  title: "Siegburg (Rhein-Sieg-Kreis)"
  state: "Nordrhein-Westfalen"
SUL:
  title: "Sulzbach-Rosenberg"
  state: "Bayern"
SW:
  title: "Schweinfurt"
  state: "Bayern"
SWA:
  title: "Untertaunuskreis"
  state: "Hessen"
SZ:
  title: "Salzgitter"
  state: "Niedersachsen"
SZB:
  title: "Schwarzenberg (Erzgebirgskreis)"
  state: "Sachsen"
SÖM:
  title: "Sömmerda"
  state: "Thüringen"
SÜW:
  title: "Südl. Weinstrasse (Landau)"
  state: "Rheinland-Pfalz"
TBB:
  title: "Tauberbischofsheim"
  state: "Baden-Württemberg"
TDO:
  title: "Torgau Delitzsch - Oschatz"
  state: "Sachsen"
TE:
  title: "Tecklenburg"
  state: "Nordrhein-Westfalen"
TET:
  title: "Teterow"
  state: "Mecklenburg-Vorpommern"
TF:
  title: "Teltow-Fläming"
  state: "Brandenburg"
TG:
  title: "Torgau (Nordsachsen)"
  state: "Sachsen"
THL:
  title: "Landesregierung Thüringen"
  state: "Thüringen"
THW:
  title: "Technisches Hilfswerk"
  state: "Bundesweit"
TIR:
  title: "Tirschenreuth"
  state: "Bayern"
TO:
  title: "Torgau-Oschatz"
  state: "Sachsen"
TP:
  title: "Templin"
  state: "Brandenburg"
TR:
  title: "Trier-Saarburg"
  state: "Rheinland-Pfalz"
TS:
  title: "Traunstein"
  state: "Bayern"
TUT:
  title: "Tuttlingen"
  state: "Baden-Württemberg"
TÖL:
  title: "Bad Tölz-Wolfratshausen"
  state: "Bayern"
TÜ:
  title: "Tübingen"
  state: "Baden-Württemberg"
UE:
  title: "Uelzen"
  state: "Niedersachsen"
UEM:
  title: "Ueckermünde"
  state: "Mecklenburg-Vorpommern"
UER:
  title: "Uecker-Randow"
  state: "Mecklenburg-Vorpommern"
UFF:
  title: "Uffenheim"
  state: "Bayern"
UH:
  title: "Unstrut-Hainich-Kreis"
  state: "Thüringen"
UL:
  title: "Ulm (Alb-Donau-Kreis)"
  state: "Baden-Württemberg"
UM:
  title: "Uckermark"
  state: "Brandenburg"
UN:
  title: "Unna (Westfalen)"
  state: "Nordrhein-Westfalen"
USI:
  title: "Usingen"
  state: "Hessen"
V:
  title: "Vogtlandkreis"
  state: "Sachsen"
VAI:
  title: "Vaihingen"
  state: "Baden-Württemberg"
VB:
  title: "Vogelsbergkreis (Lauterbach)"
  state: "Hessen"
VEC:
  title: "Vechta"
  state: "Niedersachsen"
VER:
  title: "Verden/Aller"
  state: "Niedersachsen"
VG:
  title: "Vorpommern-Greifswald"
  state: "Mecklenburg-Vorpommern"
VIB:
  title: "Vilsbiburg"
  state: "Bayern"
VIE:
  title: "Viersen"
  state: "Nordrhein-Westfalen"
VK:
  title: "Völklingen"
  state: "Saarland"
VOH:
  title: "Vohenstrauß"
  state: "Bayern"
VR:
  title: "Vorpommern-Rügen"
  state: "Mecklenburg-Vorpommern"
VS:
  title: "Villingen-Schwenningen"
  state: "Baden-Württemberg"
W:
  title: "Wuppertal"
  state: "Nordrhein-Westfalen"
WA:
  title: "Waldeck"
  state: "Hessen"
WAF:
  title: "Warendorf"
  state: "Nordrhein-Westfalen"
WAK:
  title: "Wartburgkreis"
  state: "Thüringen"
WAN:
  title: "Wanne-Eickel (Herne)"
  state: "Nordrhein-Westfalen"
WAT:
  title: "Wattenscheid (Bochum)"
  state: "Nordrhein-Westfalen"
WB:
  title: "Wittenberg"
  state: "Sachsen-Anhalt"
WBS:
  title: "Worbis"
  state: "Thüringen"
WDA:
  title: "Werdau (Zwickau)"
  state: "Sachsen"
WE:
  title: "Weimar"
  state: "Thüringen"
WEL:
  title: "Weilburg"
  state: "Hessen"
WEN:
  title: "Weiden/Oberpfalz"
  state: "Bayern"
WER:
  title: "Wertingen"
  state: "Bayern"
WES:
  title: "Wesel"
  state: "Nordrhein-Westfalen"
WF:
  title: "Wolfenbüttel"
  state: "Niedersachsen"
WHV:
  title: "Wilhelmshaven"
  state: "Niedersachsen"
WI:
  title: "Wiesbaden"
  state: "Hessen"
WIL:
  title: "Bernkastel-Wittlich/Mosel"
  state: "Rheinland-Pfalz"
WIS:
  title: "Wismar"
  state: "Mecklenburg-Vorpommern"
WIT:
  title: "Witten (Ennepe-Ruhr-Kreis)"
  state: "Nordrhein-Westfalen"
WIZ:
  title: "Witzenhausen"
  state: "Hessen"
WK:
  title: "Wittstock/Dosse"
  state: "Brandenburg"
WL:
  title: "Winsen/Luhe (Harburg)"
  state: "Niedersachsen"
WLG:
  title: "Wolgast"
  state: "Mecklenburg-Vorpommern"
WM:
  title: "Weilheim (Schongau)"
  state: "Bayern"
WMS:
  title: "Wolmirstedt"
  state: "Sachsen-Anhalt"
WN:
  title: "Waiblingen (Rems-Murr-Kreis)"
  state: "Baden-Württemberg"
WND:
  title: "St. Wendel"
  state: "Saarland"
WO:
  title: "Worms"
  state: "Rheinland-Pfalz"
WOB:
  title: "Wolfsburg"
  state: "Niedersachsen"
WOH:
  title: "Wolfhagen"
  state: "Hessen"
WOL:
  title: "Wolfach"
  state: "Baden-Württemberg"
WOR:
  title: "Wolfratshausen"
  state: "Bayern"
WOS:
  title: "Wolfstein"
  state: "Bayern"
WR:
  title: "Wernigerode"
  state: "Sachsen-Anhalt"
WRN:
  title: "Waren (Müritz)"
  state: "Mecklenburg-Vorpommern"
WS:
  title: "Wasserburg"
  state: "Bayern"
WSF:
  title: "Weissenfels"
  state: "Sachsen-Anhalt"
WST:
  title: "Westerstede (Ammerland)"
  state: "Niedersachsen"
WSW:
  title: "Weißwasser (Görlitz)"
  state: "Sachsen"
WT:
  title: "Waldshut-Tiengen"
  state: "Baden-Württemberg"
WTM:
  title: "Wittmund"
  state: "Niedersachsen"
WUG:
  title: "Weissenburg-Gunzenhausen"
  state: "Bayern"
WUN:
  title: "Wunsiedel"
  state: "Bayern"
WUR:
  title: "Wurzen (Leipzig)"
  state: "Sachsen"
WW:
  title: "Westerwald"
  state: "Rheinland-Pfalz"
WZ:
  title: "Wetzlar"
  state: "Hessen"
WZL:
  title: "Wanzleben"
  state: "Sachsen-Anhalt"
WÜ:
  title: "Würzburg"
  state: "Bayern"
WÜM:
  title: "Waldmünchen"
  state: "Bayern"
X:
  title: "Internationale Hauptquartiere (NATO)"
  state: "Bundesweit"
Y:
  title: "Bundeswehr"
  state: "Bundesweit"
Z:
  title: "Zwickau"
  state: "Sachsen"
ZE:
  title: "Zerbst/Anhalt"
  state: "Sachsen-Anhalt"
ZEL:
  title: "Zell (Cochem-Zell)"
  state: "Rheinland-Pfalz"
ZI:
  title: "Zittau"
  state: "Sachsen"
ZIG:
  title: "Ziegenhain"
  state: "Hessen"
ZP:
  title: "Zschopau (Erzgebirgskreis)"
  state: "Sachsen"
ZR:
  title: "Zeulenroda"
  state: "Thüringen"
ZW:
  title: "Zweibrücken"
  state: "Rheinland-Pfalz"
ZZ:
  title: "Zeitz"
  state: "Sachsen-Anhalt"
